[
{"width":"48.56332","height":"3.371191","y":"9.545707","x":"9.049905",
"data":{
"page":4},"class":"to-page"}
,
{"width":"48.56332","height":"3.371191","y":"13.39677","x":"9.049905",
"data":{
"page":6},"class":"to-page"}
,
{"width":"48.56332","height":"3.371191","y":"17.30186","x":"9.049905",
"data":{
"page":10},"class":"to-page"}
,
{"width":"48.56332","height":"3.371191","y":"21.2489","x":"9.049905",
"data":{
"page":12},"class":"to-page"}
,
{"width":"48.56332","height":"3.371191","y":"25.17496","x":"9.049905",
"data":{
"page":16},"class":"to-page"}
,
{"width":"48.56332","height":"3.371191","y":"29.122","x":"9.049905",
"data":{
"page":20},"class":"to-page"}
,
{"width":"48.56332","height":"3.371191","y":"33.14404","x":"9.049905",
"data":{
"page":44},"class":"to-page"}
,
{"width":"48.56332","height":"3.371191","y":"37.35803","x":"9.049905",
"data":{
"page":62},"class":"to-page"}
,
{"width":"48.56332","height":"3.371191","y":"41.57202","x":"9.049905",
"data":{
"page":63},"class":"to-page"}
,
{"width":"48.56332","height":"3.371191","y":"45.51845","x":"9.049905",
"data":{
"page":94},"class":"to-page"}
,
{"width":"48.56332","height":"3.371191","y":"49.46488","x":"9.049905",
"data":{
"page":98},"class":"to-page"}
,
{"width":"48.56332","height":"3.371191","y":"53.41578","x":"9.049905",
"data":{
"page":120},"class":"to-page"}
,
{"width":"48.56332","height":"3.371191","y":"57.31762","x":"9.049905",
"data":{
"page":121},"class":"to-page"}
,
{"width":"48.56332","height":"3.371191","y":"61.35323","x":"9.049905",
"data":{
"page":126},"class":"to-page"}
,
{"width":"48.56332","height":"3.371191","y":"65.17035","x":"9.049905",
"data":{
"page":138},"class":"to-page"}
,
{"width":"48.56332","height":"3.371191","y":"69.16137","x":"9.049905",
"data":{
"page":139},"class":"to-page"}
,
{"width":"48.56332","height":"3.371191","y":"73.19699","x":"9.049905",
"data":{
"page":141},"class":"to-page"}
,
{"width":"48.56332","height":"3.371191","y":"77.1033","x":"9.049905",
"data":{
"page":146},"class":"to-page"}
,
{"width":"48.56332","height":"3.371191","y":"81.09432","x":"9.049905",
"data":{
"page":147},"class":"to-page"}
,
{"width":"13.33259","height":"3.371191","y":"25.17496","x":"73.9634",
"data":{
"page":60},"class":"to-page"}
,
{"width":"13.33259","height":"3.371191","y":"45.51845","x":"58.95134",
"data":{
"page":114},"class":"to-page"}
,
{"width":"13.33259","height":"3.371191","y":"57.31762","x":"58.95134",
"data":{
"page":134},"class":"to-page"}
,
{"width":"13.33259","height":"3.371191","y":"25.17496","x":"58.95134",
"data":{
"page":40},"class":"to-page"}
]
