[
{"width":"17.1419","height":"10.18809","y":"56.40324","x":"14.80601",
"data":{
"url":"https://rutube.ru/video/11e91ea0b0ddc2b7ed66446997085917/"},"class":"link"}
,
{"width":"17.1419","height":"10.18809","y":"63.84593","x":"49.04766",
"data":{
"url":"https://rutube.ru/video/02133d5ec8750984e059ab0c6a171525/"},"class":"link"}
,
{"width":"17.1419","height":"10.18809","y":"72.01992","x":"15.56602",
"data":{
"url":"https://rutube.ru/video/e6c791c6f6c9361fee4140f8d92b485a/"},"class":"link"}
]
